<?xml version="1.0" encoding="UTF-8"?>
<!-- boardmapper.xml  DML 명령 처리 -->
<!DOCTYPE mapper PUBLIC "-//mybatis.org//DTD Mapper 3.0//EN"
 	"http://mybatis.org/dtd/mybatis-3-mapper.dtd"> 
 	
 <!-- Mapper 인터페이스와 동일한 이름 주어야 하므로 패키지명+mapper이름으로 작명 --> 
 <!-- 쿼리문 id는 인터페이스 메소드와 동일하게 설정 --> 
  	
 <mapper namespace="com.kaactueail.mappers.CockInfoBoardMapper">
 	
 		<!-- 검색 조건문 -->
	<sql id="criteria">
		<trim prefix="AND (" suffix=")" prefixOverrides="OR">
			<foreach collection="typeArr" item="type">
				<trim prefix="OR">
					<choose>
						<when test="type == 'T'.toString()">
							infoboardTitle like '%'||#{keyword}||'%' 
						</when>
						<when test="type == 'C'.toString()">
							infoboardContent like '%'||#{keyword}||'%' 
						</when>
						<when test="type == 'W'.toString()">
							infoboardWriter like '%'||#{keyword}||'%' 
						</when>
					</choose>
				</trim>
			</foreach>
		</trim>
	</sql>

	<select id="selectAll"
		resultType="com.kaactueail.dto.CockInfoBoardDTO">
		<!-- select * from InfoBoard where infoBoardTitle in (select cImgName from 
			Cockit) -->
		<!-- select * from InfoBoard order by infoboardNum desc -->
 		<![CDATA[select rn, infoboardNum, infoboardTitle, infoboardContent, infoboardRecipe, infoboardDate, infoboardWriter, 
 		infoboardReadcount from(select 
 		rownum as rn, infoboardNum, infoboardTitle, infoboardContent, infoboardRecipe, infoboardDate, infoboardWriter, 
 		infoboardReadcount from infoboard where rownum <= #{pageNum} * #{amount}]]>
		<if test="keyword != null">
		<include refid="criteria" />
		</if>
		<![CDATA[ order by infoboardNum desc) where rn > (#{pageNum}-1) * #{amount}]]>
	</select>
 	
 	<select id="selectTitle" resultType="int" parameterType="String">
 		select count(*) from InfoBoard where infoboardTitle = #{infoboardTitle}
 	</select>
 	
   	<!-- 게시물 총 개수 -->
    <select id="getTotal" resultType="int">    
        select count(*) from InfoBoard   
        <if test="keyword != null">
        	where infoboardNum > 0 <include refid="criteria"/>
        </if> 	
    </select>
 	  
 	 <insert id="write">
 	 	insert into infoboard(infoboardNum,infoboardTitle,infoboardContent,infoboardRecipe, infoboardWriter,infoboardReadcount,infoboardDate)
 	 	values(infoboardNumSeq.nextval, #{infoboardTitle}, #{infoboardContent}, #{infoboardRecipe}, #{infoboardWriter},#{infoboardReadcount}, sysdate)
 	 </insert>
 	 <!--  게시판 번호로 게시글 조회  -->
 	 <select id="getDetail"  resultType="com.kaactueail.dto.CockInfoBoardDTO">
 	 	select * from infoboard where infoboardNum = #{infoboardNum}
 	 </select>
 	 
 	 
	<update id="updateReadcount"> 
		update infoboard set infoboardReadcount = infoboardReadcount+1 where infoboardNum = #{ infoboardNum } 
	</update>
	<!--  게시글 삭제  -->
	<delete id="deleteByinfoboardNum" parameterType="com.kaactueail.dto.CockInfoBoardDTO"> 
		delete from infoboard where infoboardNum= #{infoboardNum}
	</delete>
	<!--  게시글 수정  -->
	<update id="updateByinfoboardNum" parameterType="com.kaactueail.dto.CockInfoBoardDTO"> 
		update infoboard set infoboardContent = #{infoboardContent},
		infoboardRecipe = #{infoboardRecipe} where infoboardNum = #{infoboardNum} 
	</update>
 	
 	
 	<select id="mainSelect" resultType="com.kaactueail.dto.CockInfoBoardDTO">
      SELECT * FROM (SELECT * FROM InfoBoard ORDER BY DBMS_RANDOM.RANDOM) 
      <![CDATA[where rownum <= 3]]>
   </select>    
 	
 	
 </mapper>