<?xml version="1.0" encoding="UTF-8"?>
<!-- DML 명령 처리-->
<!DOCTYPE mapper PUBLIC "-//mybatis.org//DTD Mapper 3.0//EN"
  "https://mybatis.org/dtd/mybatis-3-mapper.dtd">
 
 <!-- Mapper 인터페이스와 동일한 이름 주어야 하므로 패키지명+mapper이름으로 작명 --> 
 <!-- 쿼리문 id는 인터페이스 메소드와 동일하게 설정 --> 
 <mapper namespace="com.kaactueail.mappers.MyCocktailBoardMapper">
 
 	<select id="getAllMycocktailboardList" resultType="com.kaactueail.dto.MyCocktailBoardDTO">
 		select*from mycocktailboard order by mycocktailNum desc
 	</select>
 	
 	<!-- 나만의 칵테일 게시판의 좋아요 횟수 최신화 -->
 	<update id="updatelikenum">
 		update mycocktailboard set mycocktaillikenum = (select count(*) from likeboard where likeboard.likeboardmycocktailnum = mycocktailnum)
 	</update>
 	
 	<select id="getBymycocktailNum" resultType="com.kaactueail.dto.MyCocktailBoardDTO">
 		select*from mycocktailboard where mycocktailNum = #{mycocktailNum}
 	</select>
 	
 	<!-- 게시글 쓰기 -->
 	<insert id="write">
 		insert into mycocktailboard values(mycocktailboardNumSeq.nextval, #{mycocktailTitle}, #{mycocktailContent}, #{mycocktailRecipe}, sysdate, #{mycocktailWriter}, 0,#{mycocktailImgName},0, #{mycocktailMemberNum})
 	</insert>
 	
 	<delete id="deleteBymycocktailNum" parameterType="com.kaactueail.dto.MyCocktailBoardDTO">
 		delete from mycocktailboard where mycocktailNum= #{mycocktailNum}
 	</delete>
 	
 	<update id="updateBymycocktailNum" parameterType="com.kaactueail.dto.MyCocktailBoardDTO">
		update mycocktailboard set mycocktailTitle = #{mycocktailTitle}, mycocktailContent = #{mycocktailContent}, mycocktailRecipe = #{mycocktailRecipe} where mycocktailNum = #{mycocktailNum}
 	</update>
 	
 	<!-- 좋아요 여부 체크 -->
 	<select id="findLike" resultType="int" parameterType="map">
 		select count(*) from likeboard where likeboardMyCocktailNum = #{likeboardMyCocktailNum} and likeboardMemberNum = #{likeboardMemberNum}
 	</select>
 	
 	<!-- 좋아요 갯수 카운팅 -->
 	<select id="checklike" parameterType="int" resultType="int">
 		select count(*) from likeboard where likeboardMyCocktailNum = #{likeboardMyCocktailNum}
 	</select>
 	
 	<!-- 좋아요 추가 -->
 	<insert id="makeolike">
 		insert into likeboard values(likeboardNumSeq.nextval,#{likeboardMyCocktailNum},#{likeboardMemberNum})
 	</insert>
 	
 	<!-- 좋아요 취소 -->
 	<delete id="makeunlike" parameterType="map">
 		delete from likeboard where likeboardMyCocktailNum = #{likeboardMyCocktailNum} and likeboardMemberNum = #{likeboardMemberNum}
 	</delete>
 	
 	
 	<select id="selectTitle" resultType="int" parameterType="String">
 		select count(*) from mycocktailboard where mycocktailTitle = #{mycocktailTitle}
 	</select>
 	
 	
 	<!-- 메인 페이지 리스트 출력(좋아요순) -->
    <select id="mainSelect" resultType="com.kaactueail.dto.MyCocktailBoardDTO">
       SELECT * FROM (SELECT * FROM mycocktailboard ORDER BY mycocktailLikeNum DESC) 
      <![CDATA[where rownum <= 3]]>
    </select>
 </mapper>