<?xml version="1.0" encoding="UTF-8"?>
<beans xmlns="http://www.springframework.org/schema/beans"
	xmlns:xsi="http://www.w3.org/2001/XMLSchema-instance"
	xmlns:p="http://www.springframework.org/schema/p"
	xmlns:context="http://www.springframework.org/schema/context"
	xmlns:mybatis-spring="http://mybatis.org/schema/mybatis-spring"
	xsi:schemaLocation="http://mybatis.org/schema/mybatis-spring http://mybatis.org/schema/mybatis-spring-1.2.xsd
		http://www.springframework.org/schema/beans https://www.springframework.org/schema/beans/spring-beans.xsd
		http://www.springframework.org/schema/context http://www.springframework.org/schema/context/spring-context-4.3.xsd">

	<!-- Root Context: defines shared resources visible to all other web components -->

	<!-- Connection Pool 관련 DriverManagerDataSource dataSource 빈 등록 -->

	<bean id="hikariConfig" class="com.zaxxer.hikari.HikariConfig">
		<!-- <property name="driverClassName" value="oracle.jdbc.OracleDriver"/> 
			<property name="jdbcUrl" value="jdbc:oracle:thin:@localhost:1521:orcl"/> -->
		<property name="driverClassName"
			value="net.sf.log4jdbc.sql.jdbcapi.DriverSpy" />
		<property name="jdbcUrl"
			value="jdbc:log4jdbc:oracle:thin:@localhost:1521:orcl" />
		<property name="username" value="c##hanfrend" />
		<property name="password" value="5117" />
	</bean>

	<!-- HikariCP configuration -->
	<bean id="datasource" class="com.zaxxer.hikari.HikariDataSource"
		destroy-method="close">
		<constructor-arg ref="hikariConfig" />
	</bean>

	<!-- mybatis 설정 -->
	<!-- SQLSessionFactory 객체 빈 등록 -->
	<bean id="sqlSessionFactory"
		class="org.mybatis.spring.SqlSessionFactoryBean">
		<property name="dataSource" ref="datasource"></property>
	</bean>
	
	<!-- mybatis mapper 패키지 스캔 -->
	<mybatis-spring:scan
		base-package="com.kaactueail.mappers" />

	<!-- 패키지 내 어노테이션 찾아 처리 -->
	<context:component-scan
		base-package="com.kaactueail.model" />
	<context:component-scan
		base-package="com.kaactueail.dao" />
    <context:component-scan base-package="com.kaactueail.dto"/>
</beans>
