<?xml version="1.0" encoding="UTF-8"?>
<!-- DML 명령 처리-->
<!DOCTYPE mapper PUBLIC "-//mybatis.org//DTD Mapper 3.0//EN"
  "https://mybatis.org/dtd/mybatis-3-mapper.dtd">
  
 <mapper namespace="com.kaactueail.mappers.bucketlistMapper">
 
 <!-- 장바구니 조회 -->
 <select id="getBucketList" resultType="com.kaactueail.dto.BucketDTO">
 	select row_number() over(order by a.bucketlistNum desc) as rn, a.bucketlistNum, a.bucketlistMemberNum, a.bucketlistCockitNum, a.bucketlistAmount, b.cName, b.cPrice, b.cNum
	from BucketList a left outer join Cockit b on a.bucketlistcockitNum = b.cNum
	where bucketlistMemberNum = #{ bucketlistMemberNum }
 </select>
 
 
 <!-- 장바구니에 있는지 확인 -->
 <select id="checkBucket">
 	select*from bucketlist where bucketlistMemberNum = #{ bucketlistMemberNum } and bucketlistcockitNum = #{ bucketlistcockitNum }
 </select>
 	
 	
 <!-- 장바구니 삭제 -->
 <delete id="deleteBucket" parameterType="com.kaactueail.dto.BucketDTO">
 	delete bucketlist where bucketlistNum = #{ bucketlistNum }	
 </delete>
 
 
 <!-- 장바구니 수량 증가 -->
 <update id="modifyAmount" parameterType="com.kaactueail.dto.BucketDTO">
 	update bucketlist set bucketlistAmount = #{ bucketlistAmount }  where bucketlistNum = #{ bucketlistNum }
 </update>
 
 
 <!-- 장바구니 추가 -->
 <insert id="addBucket">
 	insert into bucketlist values(bucketlistNumSeq.nextval, 1, #{ bucketlistMemberNum }, 5)
 </insert>
 
 
 </mapper>
 
 
  